"Step","star-520-FPEC-1-YT-Gdrail-bc0.05-noise1 - avg_ep_found_goal","star-520-FPEC-1-YT-Gdrail-bc0.05-noise1 - avg_ep_found_goal__MIN","star-520-FPEC-1-YT-Gdrail-bc0.05-noise1 - avg_ep_found_goal__MAX"
"4096","0","0","0"
"8192","0","0","0"
"12288","0","0","0"
"16384","0","0","0"
"20480","0","0","0"
"24576","0","0","0"
"28672","0","0","0"
"32768","0","0","0"
"36864","0","0","0"
"40960","0","0","0"
"45056","0","0","0"
"49152","0","0","0"
"53248","0","0","0"
"57344","0","0","0"
"61440","0","0","0"
"65536","0","0","0"
"69632","0","0","0"
"73728","0.01","0.01","0.01"
"77824","0.01","0.01","0.01"
"81920","0","0","0"
"86016","0","0","0"
"90112","0.01","0.01","0.01"
"94208","0","0","0"
"98304","0","0","0"
"102400","0","0","0"
"106496","0.01","0.01","0.01"
"110592","0.01","0.01","0.01"
"114688","0.01","0.01","0.01"
"118784","0.01","0.01","0.01"
"122880","0.03","0.03","0.03"
"126976","0.03","0.03","0.03"
"131072","0.01","0.01","0.01"
"135168","0.01","0.01","0.01"
"139264","0","0","0"
"143360","0.06","0.06","0.06"
"147456","0.08","0.08","0.08"
"151552","0.06","0.06","0.06"
"155648","0.06","0.06","0.06"
"159744","0.05","0.05","0.05"
"163840","0.08","0.08","0.08"
"167936","0.14","0.14","0.14"
"172032","0.16","0.16","0.16"
"176128","0.09","0.09","0.09"
"180224","0.14","0.14","0.14"
"184320","0.13","0.13","0.13"
"188416","0.16","0.16","0.16"
"192512","0.19","0.19","0.19"
"196608","0.18","0.18","0.18"
"200704","0.1","0.1","0.1"
"204800","0.13","0.13","0.13"
"208896","0.18","0.18","0.18"
"212992","0.08","0.08","0.08"
"217088","0.13","0.13","0.13"
"221184","0.13","0.13","0.13"
"225280","0.18","0.18","0.18"
"229376","0.18","0.18","0.18"
"233472","0.2","0.2","0.2"
"237568","0.19","0.19","0.19"
"241664","0.12","0.12","0.12"
"245760","0.2","0.2","0.2"
"249856","0.18","0.18","0.18"
"253952","0.14","0.14","0.14"
"258048","0.18","0.18","0.18"
"262144","0.19","0.19","0.19"
"266240","0.16","0.16","0.16"
"270336","0.21","0.21","0.21"
"274432","0.16","0.16","0.16"
"278528","0.08","0.08","0.08"
"282624","0.11","0.11","0.11"
"286720","0.16","0.16","0.16"
"290816","0.15","0.15","0.15"
"294912","0.15","0.15","0.15"
"299008","0.19","0.19","0.19"
"303104","0.25","0.25","0.25"
"307200","0.23","0.23","0.23"
"311296","0.26","0.26","0.26"
"315392","0.19","0.19","0.19"
"319488","0.22","0.22","0.22"
"323584","0.23","0.23","0.23"
"327680","0.34","0.34","0.34"
"331776","0.3","0.3","0.3"
"335872","0.29","0.29","0.29"
"339968","0.27","0.27","0.27"
"344064","0.26","0.26","0.26"
"348160","0.29","0.29","0.29"
"352256","0.2","0.2","0.2"
"356352","0.28","0.28","0.28"
"360448","0.25","0.25","0.25"
"364544","0.27","0.27","0.27"
"368640","0.25","0.25","0.25"
"372736","0.22","0.22","0.22"
"376832","0.31","0.31","0.31"
"380928","0.35","0.35","0.35"
"385024","0.43","0.43","0.43"
"389120","0.3","0.3","0.3"
"393216","0.36","0.36","0.36"
"397312","0.48","0.48","0.48"
"401408","0.38","0.38","0.38"
"405504","0.35","0.35","0.35"
"409600","0.34","0.34","0.34"
"413696","0.36","0.36","0.36"
"417792","0.37","0.37","0.37"
"421888","0.36","0.36","0.36"
"425984","0.4","0.4","0.4"
"430080","0.43","0.43","0.43"
"434176","0.46","0.46","0.46"
"438272","0.42","0.42","0.42"
"442368","0.51","0.51","0.51"
"446464","0.46","0.46","0.46"
"450560","0.44","0.44","0.44"
"454656","0.48","0.48","0.48"
"458752","0.43","0.43","0.43"
"462848","0.41","0.41","0.41"
"466944","0.46","0.46","0.46"
"471040","0.49","0.49","0.49"
"475136","0.58","0.58","0.58"
"479232","0.48","0.48","0.48"
"483328","0.56","0.56","0.56"
"487424","0.57","0.57","0.57"
"491520","0.56","0.56","0.56"
"495616","0.52","0.52","0.52"
"499712","0.42","0.42","0.42"
"503808","0.44","0.44","0.44"
"507904","0.56","0.56","0.56"
"512000","0.51","0.51","0.51"
"516096","0.53","0.53","0.53"
"520192","0.52","0.52","0.52"
"524288","0.53","0.53","0.53"
"528384","0.55","0.55","0.55"
"532480","0.72","0.72","0.72"
"536576","0.61","0.61","0.61"
"540672","0.59","0.59","0.59"
"544768","0.63","0.63","0.63"
"548864","0.64","0.64","0.64"
"552960","0.7","0.7","0.7"
"557056","0.67","0.67","0.67"
"561152","0.65","0.65","0.65"
"565248","0.63","0.63","0.63"
"569344","0.66","0.66","0.66"
"573440","0.68","0.68","0.68"
"577536","0.78","0.78","0.78"
"581632","0.65","0.65","0.65"
"585728","0.69","0.69","0.69"
"589824","0.74","0.74","0.74"
"593920","0.82","0.82","0.82"
"598016","0.74","0.74","0.74"
"602112","0.7","0.7","0.7"
"606208","0.7","0.7","0.7"
"610304","0.76","0.76","0.76"
"614400","0.76","0.76","0.76"
"618496","0.79","0.79","0.79"
"622592","0.75","0.75","0.75"
"626688","0.85","0.85","0.85"
"630784","0.88","0.88","0.88"
"634880","0.81","0.81","0.81"
"638976","0.83","0.83","0.83"
"643072","0.8","0.8","0.8"
"647168","0.76","0.76","0.76"
"651264","0.75","0.75","0.75"
"655360","0.74","0.74","0.74"
"659456","0.78","0.78","0.78"
"663552","0.78","0.78","0.78"
"667648","0.85","0.85","0.85"
"671744","0.85","0.85","0.85"
"675840","0.81","0.81","0.81"
"679936","0.77","0.77","0.77"
"684032","0.85","0.85","0.85"
"688128","0.74","0.74","0.74"
"692224","0.81","0.81","0.81"
"696320","0.82","0.82","0.82"
"700416","0.9","0.9","0.9"
"704512","0.88","0.88","0.88"
"708608","0.85","0.85","0.85"
"712704","0.8","0.8","0.8"
"716800","0.87","0.87","0.87"
"720896","0.86","0.86","0.86"
"724992","0.85","0.85","0.85"
"729088","0.9","0.9","0.9"
"733184","0.88","0.88","0.88"
"737280","0.88","0.88","0.88"
"741376","0.86","0.86","0.86"
"745472","0.9","0.9","0.9"
"749568","0.94","0.94","0.94"
"753664","0.93","0.93","0.93"
"757760","0.84","0.84","0.84"
"761856","0.9","0.9","0.9"
"765952","0.87","0.87","0.87"
"770048","0.94","0.94","0.94"
"774144","0.98","0.98","0.98"
"778240","0.93","0.93","0.93"
"782336","0.89","0.89","0.89"
"786432","0.93","0.93","0.93"
"790528","0.93","0.93","0.93"
"794624","0.93","0.93","0.93"
"798720","0.96","0.96","0.96"
"802816","0.85","0.85","0.85"
"806912","0.9","0.9","0.9"
"811008","0.94","0.94","0.94"
"815104","0.94","0.94","0.94"
"819200","0.92","0.92","0.92"
"823296","0.93","0.93","0.93"
"827392","0.92","0.92","0.92"
"831488","0.92","0.92","0.92"
"835584","0.94","0.94","0.94"
"839680","0.95","0.95","0.95"
"843776","0.91","0.91","0.91"
"847872","0.93","0.93","0.93"
"851968","0.92","0.92","0.92"
"856064","0.96","0.96","0.96"
"860160","0.95","0.95","0.95"
"864256","0.93","0.93","0.93"
"868352","0.94","0.94","0.94"
"872448","0.94","0.94","0.94"
"876544","0.94","0.94","0.94"
"880640","0.95","0.95","0.95"
"884736","0.96","0.96","0.96"
"888832","0.95","0.95","0.95"
"892928","0.98","0.98","0.98"
"897024","0.93","0.93","0.93"
"901120","0.98","0.98","0.98"
"905216","0.96","0.96","0.96"
"909312","0.98","0.98","0.98"
"913408","0.96","0.96","0.96"
"917504","0.95","0.95","0.95"
"921600","0.95","0.95","0.95"
"925696","0.98","0.98","0.98"
"929792","0.98","0.98","0.98"
"933888","0.99","0.99","0.99"
"937984","0.97","0.97","0.97"
"942080","0.97","0.97","0.97"
"946176","0.92","0.92","0.92"
"950272","0.93","0.93","0.93"
"954368","0.96","0.96","0.96"
"958464","0.95","0.95","0.95"
"962560","0.96","0.96","0.96"
"966656","0.99","0.99","0.99"
"970752","0.96","0.96","0.96"
"974848","0.99","0.99","0.99"
"978944","0.99","0.99","0.99"
"983040","0.98","0.98","0.98"
"987136","0.97","0.97","0.97"
"991232","0.97","0.97","0.97"
"995328","0.99","0.99","0.99"
"999424","0.98","0.98","0.98"
"1003520","0.96","0.96","0.96"
"1007616","0.97","0.97","0.97"
"1011712","0.99","0.99","0.99"
"1015808","0.99","0.99","0.99"
"1019904","0.98","0.98","0.98"
"1024000","0.97","0.97","0.97"
"1028096","0.97","0.97","0.97"
"1032192","0.98","0.98","0.98"
"1036288","1","1","1"
"1040384","0.98","0.98","0.98"
"1044480","1","1","1"
"1048576","0.99","0.99","0.99"
"1052672","0.99","0.99","0.99"
"1056768","0.97","0.97","0.97"
"1060864","0.96","0.96","0.96"
"1064960","0.95","0.95","0.95"
"1069056","0.98","0.98","0.98"
"1073152","0.94","0.94","0.94"
"1077248","0.96","0.96","0.96"
"1081344","0.97","0.97","0.97"
"1085440","0.97","0.97","0.97"
"1089536","1","1","1"
"1093632","0.94","0.94","0.94"
"1097728","0.99","0.99","0.99"
"1101824","1","1","1"
"1105920","0.98","0.98","0.98"
"1110016","0.99","0.99","0.99"
"1114112","1","1","1"
"1118208","0.98","0.98","0.98"
"1122304","1","1","1"
"1126400","0.95","0.95","0.95"
"1130496","1","1","1"
"1134592","0.95","0.95","0.95"
"1138688","1","1","1"
"1142784","0.97","0.97","0.97"
"1146880","0.99","0.99","0.99"
"1150976","0.99","0.99","0.99"
"1155072","0.98","0.98","0.98"
"1159168","0.95","0.95","0.95"
"1163264","0.97","0.97","0.97"
"1167360","1","1","1"
"1171456","0.99","0.99","0.99"
"1175552","0.98","0.98","0.98"
"1179648","0.98","0.98","0.98"
"1183744","0.96","0.96","0.96"
"1187840","0.96","0.96","0.96"
"1191936","0.98","0.98","0.98"
"1196032","0.93","0.93","0.93"
"1200128","0.99","0.99","0.99"
"1204224","0.97","0.97","0.97"
"1208320","0.99","0.99","0.99"
"1212416","0.96","0.96","0.96"
"1216512","0.98","0.98","0.98"
"1220608","1","1","1"
"1224704","0.98","0.98","0.98"
"1228800","0.94","0.94","0.94"
"1232896","0.97","0.97","0.97"
"1236992","0.97","0.97","0.97"
"1241088","0.98","0.98","0.98"
"1245184","1","1","1"
"1249280","0.99","0.99","0.99"
"1253376","1","1","1"
"1257472","0.97","0.97","0.97"
"1261568","1","1","1"
"1265664","0.96","0.96","0.96"
"1269760","0.99","0.99","0.99"
"1273856","1","1","1"
"1277952","1","1","1"
"1282048","1","1","1"
"1286144","1","1","1"
"1290240","0.98","0.98","0.98"
"1294336","1","1","1"
"1298432","0.97","0.97","0.97"
"1302528","0.97","0.97","0.97"
"1306624","0.94","0.94","0.94"
"1310720","0.94","0.94","0.94"
"1314816","0.92","0.92","0.92"
"1318912","0.96","0.96","0.96"
"1323008","0.97","0.97","0.97"
"1327104","0.97","0.97","0.97"
"1331200","0.98","0.98","0.98"
"1335296","0.98","0.98","0.98"
"1339392","0.98","0.98","0.98"
"1343488","0.97","0.97","0.97"
"1347584","0.99","0.99","0.99"
"1351680","0.98","0.98","0.98"
"1355776","1","1","1"
"1359872","0.99","0.99","0.99"
"1363968","0.99","0.99","0.99"
"1368064","0.99","0.99","0.99"
"1372160","0.95","0.95","0.95"
"1376256","0.98","0.98","0.98"
"1380352","1","1","1"
"1384448","0.96","0.96","0.96"
"1388544","0.98","0.98","0.98"
"1392640","0.93","0.93","0.93"
"1396736","0.97","0.97","0.97"
"1400832","0.94","0.94","0.94"
"1404928","0.93","0.93","0.93"
"1409024","0.91","0.91","0.91"
"1413120","0.99","0.99","0.99"
"1417216","0.97","0.97","0.97"
"1421312","1","1","1"
"1425408","0.98","0.98","0.98"
"1429504","0.99","0.99","0.99"
"1433600","1","1","1"
"1437696","0.99","0.99","0.99"
"1441792","0.97","0.97","0.97"
"1445888","0.98","0.98","0.98"
"1449984","0.99","0.99","0.99"
"1454080","0.99","0.99","0.99"
"1458176","0.99","0.99","0.99"
"1462272","0.98","0.98","0.98"
"1466368","0.91","0.91","0.91"
"1470464","0.91","0.91","0.91"
"1474560","0.99","0.99","0.99"
"1478656","0.95","0.95","0.95"
"1482752","0.95","0.95","0.95"
"1486848","0.98","0.98","0.98"
"1490944","0.94","0.94","0.94"
"1495040","0.97","0.97","0.97"
"1499136","1","1","1"
"1503232","0.97","0.97","0.97"
"1507328","0.99","0.99","0.99"
"1511424","1","1","1"
"1515520","1","1","1"
"1519616","0.99","0.99","0.99"
"1523712","0.96","0.96","0.96"
"1527808","0.92","0.92","0.92"
"1531904","0.94","0.94","0.94"
"1536000","0.9","0.9","0.9"
"1540096","0.89","0.89","0.89"
"1544192","0.99","0.99","0.99"
"1548288","0.95","0.95","0.95"
"1552384","0.99","0.99","0.99"
"1556480","0.98","0.98","0.98"
"1560576","0.98","0.98","0.98"
"1564672","0.99","0.99","0.99"
"1568768","0.95","0.95","0.95"
"1572864","0.99","0.99","0.99"
"1576960","1","1","1"
"1581056","0.98","0.98","0.98"
"1585152","0.96","0.96","0.96"
"1589248","0.93","0.93","0.93"
"1593344","1","1","1"
"1597440","0.98","0.98","0.98"
"1601536","0.99","0.99","0.99"
"1605632","0.98","0.98","0.98"
"1609728","0.95","0.95","0.95"
"1613824","0.99","0.99","0.99"
"1617920","0.93","0.93","0.93"
"1622016","0.95","0.95","0.95"
"1626112","0.92","0.92","0.92"
"1630208","0.91","0.91","0.91"
"1634304","0.96","0.96","0.96"
"1638400","0.93","0.93","0.93"
"1642496","0.96","0.96","0.96"
"1646592","0.98","0.98","0.98"
"1650688","0.96","0.96","0.96"
"1654784","0.96","0.96","0.96"
"1658880","0.97","0.97","0.97"
"1662976","1","1","1"
"1667072","0.96","0.96","0.96"
"1671168","0.99","0.99","0.99"
"1675264","0.98","0.98","0.98"
"1679360","0.98","0.98","0.98"
"1683456","0.96","0.96","0.96"
"1687552","1","1","1"
"1691648","0.94","0.94","0.94"
"1695744","0.94","0.94","0.94"
"1699840","0.98","0.98","0.98"
"1703936","0.98","0.98","0.98"
"1708032","0.98","0.98","0.98"
"1712128","0.97","0.97","0.97"
"1716224","0.96","0.96","0.96"
"1720320","0.99","0.99","0.99"
"1724416","0.97","0.97","0.97"
"1728512","1","1","1"
"1732608","1","1","1"
"1736704","0.99","0.99","0.99"
"1740800","0.98","0.98","0.98"
"1744896","0.98","0.98","0.98"
"1748992","0.97","0.97","0.97"
"1753088","0.96","0.96","0.96"
"1757184","0.96","0.96","0.96"
"1761280","0.98","0.98","0.98"
"1765376","0.98","0.98","0.98"
"1769472","0.99","0.99","0.99"
"1773568","0.99","0.99","0.99"
"1777664","1","1","1"
"1781760","0.99","0.99","0.99"
"1785856","0.99","0.99","0.99"
"1789952","1","1","1"
"1794048","1","1","1"
"1798144","0.98","0.98","0.98"
"1802240","1","1","1"
"1806336","0.99","0.99","0.99"
"1810432","0.99","0.99","0.99"
"1814528","1","1","1"
"1818624","0.99","0.99","0.99"
"1822720","1","1","1"
"1826816","1","1","1"
"1830912","1","1","1"
"1835008","1","1","1"
"1839104","1","1","1"
"1843200","0.98","0.98","0.98"
"1847296","1","1","1"
"1851392","1","1","1"
"1855488","0.99","0.99","0.99"
"1859584","1","1","1"
"1863680","1","1","1"
"1867776","0.99","0.99","0.99"
"1871872","0.98","0.98","0.98"
"1875968","0.99","0.99","0.99"
"1880064","1","1","1"
"1884160","1","1","1"
"1888256","0.99","0.99","0.99"
"1892352","0.97","0.97","0.97"
"1896448","0.99","0.99","0.99"
"1900544","0.98","0.98","0.98"
"1904640","0.99","0.99","0.99"
"1908736","0.94","0.94","0.94"
"1912832","1","1","1"
"1916928","0.99","0.99","0.99"
"1921024","0.99","0.99","0.99"
"1925120","1","1","1"
"1929216","0.98","0.98","0.98"
"1933312","1","1","1"
"1937408","1","1","1"
"1941504","0.99","0.99","0.99"
"1945600","0.99","0.99","0.99"
"1949696","0.99","0.99","0.99"
"1953792","1","1","1"
"1957888","0.99","0.99","0.99"
"1961984","1","1","1"
"1966080","0.99","0.99","0.99"
"1970176","1","1","1"
"1974272","0.99","0.99","0.99"
"1978368","0.99","0.99","0.99"
"1982464","0.99","0.99","0.99"
"1986560","0.99","0.99","0.99"
"1990656","1","1","1"
"1994752","0.99","0.99","0.99"
"1998848","0.98","0.98","0.98"
"2002944","0.99","0.99","0.99"
"2007040","0.98","0.98","0.98"
"2011136","0.97","0.97","0.97"
"2015232","0.99","0.99","0.99"
"2019328","0.99","0.99","0.99"
"2023424","1","1","1"
"2027520","0.98","0.98","0.98"
"2031616","0.99","0.99","0.99"
"2035712","0.98","0.98","0.98"
"2039808","1","1","1"
"2043904","0.98","0.98","0.98"
"2048000","0.98","0.98","0.98"
"2052096","0.99","0.99","0.99"
"2056192","0.95","0.95","0.95"
"2060288","0.99","0.99","0.99"
"2064384","0.98","0.98","0.98"
"2068480","0.99","0.99","0.99"
"2072576","0.99","0.99","0.99"
"2076672","0.96","0.96","0.96"
"2080768","1","1","1"
"2084864","0.97","0.97","0.97"
"2088960","1","1","1"
"2093056","1","1","1"
"2097152","1","1","1"
"2101248","0.99","0.99","0.99"
"2105344","0.98","0.98","0.98"
"2109440","0.99","0.99","0.99"
"2113536","0.94","0.94","0.94"
"2117632","1","1","1"
"2121728","0.99","0.99","0.99"
"2125824","0.98","0.98","0.98"
"2129920","1","1","1"
"2134016","1","1","1"
"2138112","0.99","0.99","0.99"
"2142208","1","1","1"
"2146304","1","1","1"
"2150400","0.98","0.98","0.98"
"2154496","1","1","1"
"2158592","0.99","0.99","0.99"
"2162688","0.99","0.99","0.99"
"2166784","0.98","0.98","0.98"
"2170880","1","1","1"
"2174976","1","1","1"
"2179072","0.99","0.99","0.99"
"2183168","1","1","1"
"2187264","0.99","0.99","0.99"
"2191360","1","1","1"
"2195456","0.98","0.98","0.98"
"2199552","0.99","0.99","0.99"
"2203648","0.99","0.99","0.99"
"2207744","0.96","0.96","0.96"
"2211840","1","1","1"
"2215936","0.97","0.97","0.97"
"2220032","1","1","1"
"2224128","0.97","0.97","0.97"
"2228224","0.97","0.97","0.97"
"2232320","1","1","1"
"2236416","0.96","0.96","0.96"
"2240512","1","1","1"
"2244608","0.98","0.98","0.98"
"2248704","0.99","0.99","0.99"
"2252800","1","1","1"
"2256896","0.98","0.98","0.98"
"2260992","1","1","1"
"2265088","0.99","0.99","0.99"
"2269184","1","1","1"
"2273280","1","1","1"
"2277376","1","1","1"
"2281472","0.99","0.99","0.99"
"2285568","1","1","1"
"2289664","0.99","0.99","0.99"
"2293760","0.99","0.99","0.99"
"2297856","1","1","1"
"2301952","0.98","0.98","0.98"
"2306048","0.95","0.95","0.95"
"2310144","0.92","0.92","0.92"
"2314240","0.96","0.96","0.96"
"2318336","0.97","0.97","0.97"
"2322432","1","1","1"
"2326528","0.97","0.97","0.97"
"2330624","0.98","0.98","0.98"
"2334720","0.98","0.98","0.98"
"2338816","0.99","0.99","0.99"
"2342912","0.95","0.95","0.95"
"2347008","0.95","0.95","0.95"
"2351104","0.98","0.98","0.98"
"2355200","0.98","0.98","0.98"
"2359296","0.93","0.93","0.93"
"2363392","0.97","0.97","0.97"
"2367488","0.99","0.99","0.99"
"2371584","0.98","0.98","0.98"
"2375680","1","1","1"
"2379776","0.98","0.98","0.98"
"2383872","0.97","0.97","0.97"
"2387968","0.98","0.98","0.98"
"2392064","0.99","0.99","0.99"
"2396160","0.99","0.99","0.99"
"2400256","0.97","0.97","0.97"
"2404352","0.99","0.99","0.99"
"2408448","0.98","0.98","0.98"
"2412544","0.99","0.99","0.99"
"2416640","0.96","0.96","0.96"
"2420736","0.99","0.99","0.99"
"2424832","0.99","0.99","0.99"
"2428928","0.98","0.98","0.98"
"2433024","1","1","1"
"2437120","0.98","0.98","0.98"
"2441216","0.98","0.98","0.98"
"2445312","0.98","0.98","0.98"
"2449408","0.99","0.99","0.99"
"2453504","0.99","0.99","0.99"
"2457600","0.98","0.98","0.98"
"2461696","1","1","1"
"2465792","0.98","0.98","0.98"
"2469888","0.99","0.99","0.99"
"2473984","0.98","0.98","0.98"
"2478080","1","1","1"
"2482176","0.96","0.96","0.96"
"2486272","0.99","0.99","0.99"
"2490368","0.99","0.99","0.99"
"2494464","0.98","0.98","0.98"
"2498560","1","1","1"
"2502656","0.99","0.99","0.99"
"2506752","1","1","1"
"2510848","0.98","0.98","0.98"
"2514944","0.99","0.99","0.99"
"2519040","0.98","0.98","0.98"
"2523136","0.99","0.99","0.99"
"2527232","0.99","0.99","0.99"
"2531328","1","1","1"
"2535424","0.99","0.99","0.99"
"2539520","0.99","0.99","0.99"
"2543616","0.99","0.99","0.99"
"2547712","0.98","0.98","0.98"
"2551808","0.98","0.98","0.98"
"2555904","1","1","1"
"2560000","0.98","0.98","0.98"
"2564096","0.99","0.99","0.99"
"2568192","0.98","0.98","0.98"
"2572288","1","1","1"
"2576384","1","1","1"
"2580480","1","1","1"
"2584576","1","1","1"
"2588672","0.96","0.96","0.96"
"2592768","0.99","0.99","0.99"
"2596864","0.99","0.99","0.99"
"2600960","0.99","0.99","0.99"
"2605056","0.99","0.99","0.99"
"2609152","0.99","0.99","0.99"
"2613248","0.98","0.98","0.98"
"2617344","0.99","0.99","0.99"
"2621440","1","1","1"
"2625536","1","1","1"
"2629632","0.99","0.99","0.99"
"2633728","0.99","0.99","0.99"
"2637824","0.96","0.96","0.96"
"2641920","0.99","0.99","0.99"
"2646016","0.97","0.97","0.97"
"2650112","0.96","0.96","0.96"
"2654208","0.98","0.98","0.98"
"2658304","0.98","0.98","0.98"
"2662400","0.98","0.98","0.98"
"2666496","0.99","0.99","0.99"
"2670592","0.96","0.96","0.96"
"2674688","0.95","0.95","0.95"
"2678784","0.99","0.99","0.99"
"2682880","0.96","0.96","0.96"
"2686976","0.97","0.97","0.97"
"2691072","1","1","1"
"2695168","0.96","0.96","0.96"
"2699264","0.98","0.98","0.98"
"2703360","0.99","0.99","0.99"
"2707456","0.95","0.95","0.95"
"2711552","0.97","0.97","0.97"
"2715648","0.98","0.98","0.98"
"2719744","0.97","0.97","0.97"
"2723840","0.99","0.99","0.99"
"2727936","0.98","0.98","0.98"
"2732032","0.97","0.97","0.97"
"2736128","0.99","0.99","0.99"
"2740224","1","1","1"
"2744320","0.99","0.99","0.99"
"2748416","1","1","1"
"2752512","1","1","1"
"2756608","1","1","1"
"2760704","0.97","0.97","0.97"
"2764800","0.97","0.97","0.97"
"2768896","1","1","1"
"2772992","0.99","0.99","0.99"
"2777088","0.98","0.98","0.98"
"2781184","0.98","0.98","0.98"
"2785280","0.99","0.99","0.99"
"2789376","1","1","1"
"2793472","1","1","1"
"2797568","0.99","0.99","0.99"
"2801664","0.98","0.98","0.98"
"2805760","0.99","0.99","0.99"
"2809856","0.97","0.97","0.97"
"2813952","0.98","0.98","0.98"
"2818048","0.94","0.94","0.94"
"2822144","0.98","0.98","0.98"
"2826240","0.97","0.97","0.97"
"2830336","1","1","1"
"2834432","0.99","0.99","0.99"
"2838528","0.99","0.99","0.99"
"2842624","1","1","1"
"2846720","1","1","1"
"2850816","0.99","0.99","0.99"
"2854912","0.97","0.97","0.97"
"2859008","0.99","0.99","0.99"
"2863104","0.99","0.99","0.99"
"2867200","0.99","0.99","0.99"
"2871296","0.99","0.99","0.99"
"2875392","0.99","0.99","0.99"
"2879488","0.99","0.99","0.99"
"2883584","0.99","0.99","0.99"
"2887680","0.99","0.99","0.99"
"2891776","1","1","1"
"2895872","0.99","0.99","0.99"
"2899968","0.97","0.97","0.97"
"2904064","0.97","0.97","0.97"
"2908160","0.98","0.98","0.98"
"2912256","0.99","0.99","0.99"
"2916352","0.97","0.97","0.97"
"2920448","0.99","0.99","0.99"
"2924544","0.98","0.98","0.98"
"2928640","0.97","0.97","0.97"
"2932736","0.99","0.99","0.99"
"2936832","0.99","0.99","0.99"
"2940928","0.98","0.98","0.98"
"2945024","0.96","0.96","0.96"
"2949120","0.98","0.98","0.98"
"2953216","0.98","0.98","0.98"
"2957312","0.98","0.98","0.98"
"2961408","0.96","0.96","0.96"
"2965504","0.96","0.96","0.96"
"2969600","0.98","0.98","0.98"
"2973696","0.95","0.95","0.95"
"2977792","0.94","0.94","0.94"
"2981888","0.98","0.98","0.98"
"2985984","0.98","0.98","0.98"
"2990080","0.94","0.94","0.94"
"2994176","0.97","0.97","0.97"
"2998272","0.91","0.91","0.91"
"3002368","0.97","0.97","0.97"
"3006464","0.99","0.99","0.99"
"3010560","0.97","0.97","0.97"
"3014656","0.98","0.98","0.98"
"3018752","0.97","0.97","0.97"
"3022848","0.96","0.96","0.96"
"3026944","0.99","0.99","0.99"
"3031040","0.98","0.98","0.98"
"3035136","0.99","0.99","0.99"
"3039232","0.98","0.98","0.98"
"3043328","0.96","0.96","0.96"
"3047424","0.91","0.91","0.91"
"3051520","0.98","0.98","0.98"
"3055616","0.98","0.98","0.98"
"3059712","0.95","0.95","0.95"
"3063808","0.96","0.96","0.96"
"3067904","0.99","0.99","0.99"
"3072000","0.98","0.98","0.98"
"3076096","0.99","0.99","0.99"
"3080192","0.97","0.97","0.97"
"3084288","0.97","0.97","0.97"
"3088384","0.96","0.96","0.96"
"3092480","0.95","0.95","0.95"
"3096576","0.99","0.99","0.99"
"3100672","0.99","0.99","0.99"
"3104768","0.98","0.98","0.98"
"3108864","0.99","0.99","0.99"
"3112960","0.98","0.98","0.98"
"3117056","1","1","1"
"3121152","0.98","0.98","0.98"
"3125248","0.99","0.99","0.99"
"3129344","1","1","1"
"3133440","1","1","1"
"3137536","1","1","1"
"3141632","0.97","0.97","0.97"
"3145728","0.96","0.96","0.96"
"3149824","0.99","0.99","0.99"
"3153920","1","1","1"
"3158016","0.98","0.98","0.98"
"3162112","0.99","0.99","0.99"
"3166208","1","1","1"
"3170304","0.98","0.98","0.98"
"3174400","1","1","1"
"3178496","0.99","0.99","0.99"
"3182592","0.98","0.98","0.98"
"3186688","1","1","1"
"3190784","0.99","0.99","0.99"
"3194880","0.97","0.97","0.97"
"3198976","1","1","1"
"3203072","1","1","1"
"3207168","0.98","0.98","0.98"
"3211264","1","1","1"
"3215360","1","1","1"
"3219456","0.98","0.98","0.98"
"3223552","1","1","1"
"3227648","0.99","0.99","0.99"
"3231744","1","1","1"
"3235840","0.98","0.98","0.98"
"3239936","1","1","1"
"3244032","1","1","1"
"3248128","0.96","0.96","0.96"
"3252224","0.98","0.98","0.98"
"3256320","0.99","0.99","0.99"
"3260416","0.98","0.98","0.98"
"3264512","0.99","0.99","0.99"
"3268608","1","1","1"
"3272704","1","1","1"
"3276800","1","1","1"
"3280896","0.99","0.99","0.99"
"3284992","0.99","0.99","0.99"
"3289088","0.99","0.99","0.99"
"3293184","1","1","1"
"3297280","1","1","1"
"3301376","1","1","1"
"3305472","1","1","1"
"3309568","0.96","0.96","0.96"
"3313664","0.99","0.99","0.99"
"3317760","0.98","0.98","0.98"
"3321856","1","1","1"
"3325952","0.99","0.99","0.99"
"3330048","0.98","0.98","0.98"
"3334144","1","1","1"
"3338240","0.99","0.99","0.99"
"3342336","1","1","1"
"3346432","0.97","0.97","0.97"
"3350528","1","1","1"
"3354624","0.97","0.97","0.97"
"3358720","1","1","1"
"3362816","1","1","1"
"3366912","1","1","1"
"3371008","1","1","1"
"3375104","1","1","1"
"3379200","0.99","0.99","0.99"
"3383296","1","1","1"
"3387392","1","1","1"
"3391488","0.97","0.97","0.97"
"3395584","0.98","0.98","0.98"
"3399680","0.96","0.96","0.96"
"3403776","0.93","0.93","0.93"
"3407872","0.97","0.97","0.97"
"3411968","0.98","0.98","0.98"
"3416064","0.99","0.99","0.99"
"3420160","1","1","1"
"3424256","1","1","1"
"3428352","0.99","0.99","0.99"
"3432448","0.98","0.98","0.98"
"3436544","0.97","0.97","0.97"
"3440640","0.94","0.94","0.94"
"3444736","0.91","0.91","0.91"
"3448832","0.93","0.93","0.93"
"3452928","0.95","0.95","0.95"
"3457024","0.98","0.98","0.98"
"3461120","0.97","0.97","0.97"
"3465216","0.99","0.99","0.99"
"3469312","0.97","0.97","0.97"
"3473408","0.98","0.98","0.98"
"3477504","0.99","0.99","0.99"
"3481600","0.99","0.99","0.99"
"3485696","0.97","0.97","0.97"
"3489792","1","1","1"
"3493888","1","1","1"
"3497984","0.98","0.98","0.98"
"3502080","0.98","0.98","0.98"
"3506176","0.97","0.97","0.97"
"3510272","0.98","0.98","0.98"
"3514368","1","1","1"
"3518464","1","1","1"
"3522560","0.99","0.99","0.99"
"3526656","0.98","0.98","0.98"
"3530752","0.99","0.99","0.99"
"3534848","0.99","0.99","0.99"
"3538944","0.99","0.99","0.99"
"3543040","0.99","0.99","0.99"
"3547136","0.98","0.98","0.98"
"3551232","1","1","1"
"3555328","0.98","0.98","0.98"
"3559424","1","1","1"
"3563520","1","1","1"
"3567616","1","1","1"
"3571712","1","1","1"
"3575808","0.99","0.99","0.99"
"3579904","0.98","0.98","0.98"
"3584000","1","1","1"
"3588096","0.97","0.97","0.97"
"3592192","0.97","0.97","0.97"
"3596288","0.99","0.99","0.99"
"3600384","1","1","1"
"3604480","0.97","0.97","0.97"
"3608576","0.98","0.98","0.98"
"3612672","0.99","0.99","0.99"
"3616768","0.98","0.98","0.98"
"3620864","0.98","0.98","0.98"
"3624960","1","1","1"
"3629056","0.99","0.99","0.99"
"3633152","0.99","0.99","0.99"
"3637248","0.99","0.99","0.99"
"3641344","0.98","0.98","0.98"
"3645440","1","1","1"
"3649536","0.98","0.98","0.98"
"3653632","0.97","0.97","0.97"
"3657728","0.94","0.94","0.94"
"3661824","0.99","0.99","0.99"
"3665920","0.98","0.98","0.98"
"3670016","1","1","1"
"3674112","1","1","1"
"3678208","0.99","0.99","0.99"
"3682304","0.98","0.98","0.98"
"3686400","0.99","0.99","0.99"
"3690496","0.99","0.99","0.99"
"3694592","1","1","1"
"3698688","1","1","1"
"3702784","0.98","0.98","0.98"
"3706880","1","1","1"
"3710976","0.99","0.99","0.99"
"3715072","0.99","0.99","0.99"
"3719168","0.98","0.98","0.98"
"3723264","1","1","1"
"3727360","1","1","1"
"3731456","0.98","0.98","0.98"
"3735552","0.99","0.99","0.99"
"3739648","0.96","0.96","0.96"
"3743744","0.97","0.97","0.97"
"3747840","0.98","0.98","0.98"
"3751936","0.98","0.98","0.98"
"3756032","0.98","0.98","0.98"
"3760128","0.98","0.98","0.98"
"3764224","0.97","0.97","0.97"
"3768320","0.98","0.98","0.98"
"3772416","0.99","0.99","0.99"
"3776512","0.98","0.98","0.98"
"3780608","0.97","0.97","0.97"
"3784704","0.99","0.99","0.99"
"3788800","0.98","0.98","0.98"
"3792896","0.99","0.99","0.99"
"3796992","0.99","0.99","0.99"
"3801088","1","1","1"
"3805184","1","1","1"
"3809280","1","1","1"
"3813376","0.99","0.99","0.99"
"3817472","0.97","0.97","0.97"
"3821568","0.97","0.97","0.97"
"3825664","0.96","0.96","0.96"
"3829760","0.99","0.99","0.99"
"3833856","1","1","1"
"3837952","0.97","0.97","0.97"
"3842048","0.98","0.98","0.98"
"3846144","1","1","1"
"3850240","0.99","0.99","0.99"
"3854336","0.98","0.98","0.98"
"3858432","0.99","0.99","0.99"
"3862528","0.99","0.99","0.99"
"3866624","1","1","1"
"3870720","1","1","1"
"3874816","0.99","0.99","0.99"
"3878912","1","1","1"
"3883008","0.98","0.98","0.98"
"3887104","0.96","0.96","0.96"
"3891200","0.95","0.95","0.95"
"3895296","0.99","0.99","0.99"
"3899392","0.99","0.99","0.99"
"3903488","0.96","0.96","0.96"
"3907584","0.97","0.97","0.97"
"3911680","0.97","0.97","0.97"
"3915776","0.97","0.97","0.97"
"3919872","0.95","0.95","0.95"
"3923968","0.98","0.98","0.98"
"3928064","0.94","0.94","0.94"
"3932160","1","1","1"
"3936256","0.97","0.97","0.97"
"3940352","0.98","0.98","0.98"
"3944448","0.99","0.99","0.99"
"3948544","0.98","0.98","0.98"
"3952640","0.99","0.99","0.99"
"3956736","0.99","0.99","0.99"
"3960832","0.95","0.95","0.95"
"3964928","0.92","0.92","0.92"
"3969024","0.99","0.99","0.99"
"3973120","0.96","0.96","0.96"
"3977216","0.98","0.98","0.98"
"3981312","0.99","0.99","0.99"
"3985408","0.99","0.99","0.99"
"3989504","1","1","1"
"3993600","0.99","0.99","0.99"
"3997696","0.98","0.98","0.98"
"4001792","0.98","0.98","0.98"
"4005888","0.98","0.98","0.98"
"4009984","0.99","0.99","0.99"
"4014080","0.96","0.96","0.96"
"4018176","0.97","0.97","0.97"
"4022272","0.95","0.95","0.95"
"4026368","0.96","0.96","0.96"
"4030464","0.91","0.91","0.91"
"4034560","0.92","0.92","0.92"
"4038656","0.98","0.98","0.98"
"4042752","0.97","0.97","0.97"
"4046848","0.98","0.98","0.98"
"4050944","0.97","0.97","0.97"
"4055040","0.99","0.99","0.99"
"4059136","1","1","1"
"4063232","0.98","0.98","0.98"
"4067328","0.98","0.98","0.98"
"4071424","0.97","0.97","0.97"
"4075520","0.97","0.97","0.97"
"4079616","0.98","0.98","0.98"
"4083712","0.99","0.99","0.99"
"4087808","0.99","0.99","0.99"
"4091904","0.99","0.99","0.99"
"4096000","0.97","0.97","0.97"
"4100096","0.98","0.98","0.98"
"4104192","0.98","0.98","0.98"
"4108288","1","1","1"
"4112384","1","1","1"
"4116480","0.99","0.99","0.99"
"4120576","1","1","1"
"4124672","0.99","0.99","0.99"
"4128768","0.96","0.96","0.96"
"4132864","1","1","1"
"4136960","0.99","0.99","0.99"
"4141056","0.97","0.97","0.97"
"4145152","1","1","1"
"4149248","0.97","0.97","0.97"
"4153344","0.98","0.98","0.98"
"4157440","0.98","0.98","0.98"
"4161536","0.95","0.95","0.95"
"4165632","0.96","0.96","0.96"
"4169728","1","1","1"
"4173824","0.98","0.98","0.98"
"4177920","0.97","0.97","0.97"
"4182016","1","1","1"
"4186112","0.98","0.98","0.98"
"4190208","0.99","0.99","0.99"
"4194304","0.96","0.96","0.96"
"4198400","0.99","0.99","0.99"
"4202496","0.95","0.95","0.95"
"4206592","0.98","0.98","0.98"
"4210688","0.98","0.98","0.98"
"4214784","0.99","0.99","0.99"
"4218880","0.98","0.98","0.98"
"4222976","0.98","0.98","0.98"
"4227072","1","1","1"
"4231168","1","1","1"
"4235264","0.99","0.99","0.99"
"4239360","0.99","0.99","0.99"
"4243456","0.97","0.97","0.97"
"4247552","1","1","1"
"4251648","1","1","1"
"4255744","0.98","0.98","0.98"
"4259840","0.99","0.99","0.99"
"4263936","1","1","1"
"4268032","1","1","1"
"4272128","0.96","0.96","0.96"
"4276224","0.98","0.98","0.98"
"4280320","1","1","1"
"4284416","0.99","0.99","0.99"
"4288512","1","1","1"
"4292608","1","1","1"
"4296704","1","1","1"
"4300800","0.99","0.99","0.99"
"4304896","1","1","1"
"4308992","0.99","0.99","0.99"
"4313088","1","1","1"
"4317184","0.99","0.99","0.99"
"4321280","0.99","0.99","0.99"
"4325376","0.97","0.97","0.97"
"4329472","0.97","0.97","0.97"
"4333568","0.99","0.99","0.99"
"4337664","0.99","0.99","0.99"
"4341760","1","1","1"
"4345856","1","1","1"
"4349952","1","1","1"
"4354048","1","1","1"
"4358144","1","1","1"
"4362240","1","1","1"
"4366336","1","1","1"
"4370432","0.98","0.98","0.98"
"4374528","0.99","0.99","0.99"
"4378624","1","1","1"
"4382720","1","1","1"
"4386816","0.99","0.99","0.99"
"4390912","0.99","0.99","0.99"
"4395008","0.99","0.99","0.99"
"4399104","0.99","0.99","0.99"
"4403200","0.99","0.99","0.99"
"4407296","1","1","1"
"4411392","0.99","0.99","0.99"
"4415488","0.96","0.96","0.96"
"4419584","1","1","1"
"4423680","1","1","1"
"4427776","0.99","0.99","0.99"
"4431872","0.99","0.99","0.99"
"4435968","0.96","0.96","0.96"
"4440064","1","1","1"
"4444160","0.97","0.97","0.97"
"4448256","1","1","1"
"4452352","0.99","0.99","0.99"
"4456448","0.95","0.95","0.95"
"4460544","0.97","0.97","0.97"
"4464640","1","1","1"
"4468736","0.99","0.99","0.99"
"4472832","0.99","0.99","0.99"
"4476928","0.97","0.97","0.97"
"4481024","0.98","0.98","0.98"
"4485120","0.99","0.99","0.99"
"4489216","0.97","0.97","0.97"
"4493312","1","1","1"
"4497408","0.99","0.99","0.99"
"4501504","0.99","0.99","0.99"
"4505600","1","1","1"
"4509696","0.96","0.96","0.96"
"4513792","1","1","1"
"4517888","1","1","1"
"4521984","1","1","1"
"4526080","0.98","0.98","0.98"
"4530176","0.98","0.98","0.98"
"4534272","0.99","0.99","0.99"
"4538368","0.99","0.99","0.99"
"4542464","0.98","0.98","0.98"
"4546560","0.94","0.94","0.94"
"4550656","0.94","0.94","0.94"
"4554752","0.91","0.91","0.91"
"4558848","0.97","0.97","0.97"
"4562944","0.95","0.95","0.95"
"4567040","0.94","0.94","0.94"
"4571136","0.96","0.96","0.96"
"4575232","0.96","0.96","0.96"
"4579328","0.99","0.99","0.99"
"4583424","0.98","0.98","0.98"
"4587520","0.97","0.97","0.97"
"4591616","0.99","0.99","0.99"
"4595712","0.98","0.98","0.98"
"4599808","1","1","1"
"4603904","0.99","0.99","0.99"
"4608000","1","1","1"
"4612096","0.98","0.98","0.98"
"4616192","1","1","1"
"4620288","0.99","0.99","0.99"
"4624384","0.98","0.98","0.98"
"4628480","1","1","1"
"4632576","0.99","0.99","0.99"
"4636672","1","1","1"
"4640768","0.99","0.99","0.99"
"4644864","1","1","1"
"4648960","0.99","0.99","0.99"
"4653056","0.98","0.98","0.98"
"4657152","1","1","1"
"4661248","0.99","0.99","0.99"
"4665344","0.96","0.96","0.96"
"4669440","1","1","1"
"4673536","1","1","1"
"4677632","0.99","0.99","0.99"
"4681728","0.99","0.99","0.99"
"4685824","1","1","1"
"4689920","0.99","0.99","0.99"
"4694016","1","1","1"
"4698112","0.99","0.99","0.99"
"4702208","1","1","1"
"4706304","0.96","0.96","0.96"
"4710400","0.96","0.96","0.96"
"4714496","0.99","0.99","0.99"
"4718592","0.98","0.98","0.98"
"4722688","0.97","0.97","0.97"
"4726784","0.99","0.99","0.99"
"4730880","0.99","0.99","0.99"
"4734976","0.99","0.99","0.99"
"4739072","1","1","1"
"4743168","1","1","1"
"4747264","0.99","0.99","0.99"
"4751360","0.98","0.98","0.98"
"4755456","0.99","0.99","0.99"
"4759552","0.98","0.98","0.98"
"4763648","1","1","1"
"4767744","1","1","1"
"4771840","1","1","1"
"4775936","0.99","0.99","0.99"
"4780032","1","1","1"
"4784128","1","1","1"
"4788224","0.99","0.99","0.99"
"4792320","0.99","0.99","0.99"
"4796416","0.99","0.99","0.99"
"4800512","0.99","0.99","0.99"
"4804608","1","1","1"
"4808704","1","1","1"
"4812800","0.99","0.99","0.99"
"4816896","0.99","0.99","0.99"
"4820992","1","1","1"
"4825088","1","1","1"
"4829184","0.99","0.99","0.99"
"4833280","0.95","0.95","0.95"
"4837376","0.98","0.98","0.98"
"4841472","0.99","0.99","0.99"
"4845568","1","1","1"
"4849664","1","1","1"
"4853760","0.99","0.99","0.99"
"4857856","1","1","1"
"4861952","0.96","0.96","0.96"
"4866048","0.99","0.99","0.99"
"4870144","0.97","0.97","0.97"
"4874240","0.98","0.98","0.98"
"4878336","1","1","1"
"4882432","0.99","0.99","0.99"
"4886528","1","1","1"
"4890624","0.98","0.98","0.98"
"4894720","0.99","0.99","0.99"
"4898816","1","1","1"
"4902912","0.98","0.98","0.98"
"4907008","1","1","1"
"4911104","1","1","1"
"4915200","0.99","0.99","0.99"
"4919296","0.99","0.99","0.99"
"4923392","0.99","0.99","0.99"
"4927488","1","1","1"
"4931584","0.99","0.99","0.99"
"4935680","1","1","1"
"4939776","1","1","1"
"4943872","1","1","1"
"4947968","1","1","1"
"4952064","0.99","0.99","0.99"
"4956160","1","1","1"
"4960256","1","1","1"
"4964352","1","1","1"
"4968448","1","1","1"
"4972544","1","1","1"
"4976640","0.99","0.99","0.99"
"4980736","1","1","1"
"4984832","0.99","0.99","0.99"
"4988928","0.98","0.98","0.98"
"4993024","1","1","1"
"4997120","0.99","0.99","0.99"